name,title,company,location,linkedin_url,date_added
Marina Mitterbucher,Online Marketing Managerin,skapetze®,Greater Munich Metropolitan Area,"https://www.linkedin.com/sales/lead/ACwAADdHXmABKe6Pk6v3i4l4pHsuPcG2bpBoBjs,NAME_SEARCH,YfhC",8/27/2026
Verena Skapetze,Marketingleitung,skapetze®,"Simbach am Inn, Bavaria, Germany","https://www.linkedin.com/sales/lead/ACwAAGxej6ABiEgIkKMvWITwWFyNMNUCx6XhrvY,NAME_SEARCH,E2B0",8/27/2026
Jean-Baptiste R.,Senior Online Performance Marketing Manager,moebel.de Einrichten & Wohnen GmbH,"Hamburg, Hamburg, Germany","https://www.linkedin.com/sales/lead/ACwAABFtWvYBtECjNg3oVJqdSQO3trGYikovVtM,NAME_SEARCH,fZml",8/27/2026
Joris Wigger,Head of Performance Marketing,moebel.de Einrichten & Wohnen GmbH,Germany,"https://www.linkedin.com/sales/lead/ACwAAA67K4YBT1QOVqNryF3lygSU34iCSRqKqkE,NAME_SEARCH,XwfW",8/27/2026
Rainer Leerhoff,Online Marketing Manager,moebel.de Einrichten & Wohnen GmbH,"Hamburg, Hamburg, Germany","https://www.linkedin.com/sales/lead/ACwAADchZ6wBzhtlt0_gK-Dm_vWJqLiOx_73UzQ,NAME_SEARCH,8qhQ",8/27/2026
Dominic Hoffmann,Director Marketing,home24 SE,Berlin Metropolitan Area,"https://www.linkedin.com/sales/lead/ACwAAAk-5JoBibaKv8nZclddZ0ec2NgZdpxR8ps,NAME_SEARCH,wf4l",8/27/2026
Janina Kraus,Director Marketing Conversion & Retention,home24 SE,"Berlin, Berlin, Germany","https://www.linkedin.com/sales/lead/ACwAAC8LcBQB9nYe7UHu4NuFU0mqQ3nc3VuKGlM,NAME_SEARCH,sduZ",8/27/2026
"Sascha Vitzthum, Ph.D.",CMO,home24 SE,Berlin Metropolitan Area,"https://www.linkedin.com/sales/lead/ACwAAAAB7fgBtZj09zkeEbNMAq4vTWsDvXdUbD4,NAME_SEARCH,Rvum",8/27/2026
Madlen S.,Lead Search & Display,home24 SE,"Berlin, Berlin, Germany","https://www.linkedin.com/sales/lead/ACwAADPTPkEBAejcXZCWQXFKHurTtFcMnxCY7VE,NAME_SEARCH,qfca",8/27/2026
Łukasz Tomala,Teamlead Marketing - SEA,home24 SE,"Berlin, Berlin, Germany","https://www.linkedin.com/sales/lead/ACwAABwLbVEBNvWMOTiSoQN1E6yFC1sTxeSo4Jg,NAME_SEARCH,2WM6",8/27/2026
Abigael Le,Marketing Manager (Performance Marketing),home24 SE,"Berlin, Berlin, Germany","https://www.linkedin.com/sales/lead/ACwAADhM-dwBcl0fkfhcKvabhTuArZSnowHFYq8,NAME_SEARCH,VrBC",8/27/2026
Elisabeth Colin,Senior Online Marketing Manager,SHOP APOTHEKE EUROPE,"Cologne, North Rhine-Westphalia, Germany","https://www.linkedin.com/sales/lead/ACwAABGpoEkBw1i4ZCRE_Lvunv0vmqsYZrfcQGM,NAME_SEARCH,L2u2",8/27/2026
Andrew Bromhead,Performance Marketing Manager,SHOP APOTHEKE EUROPE,"Sonsbeck, North Rhine-Westphalia, Germany","https://www.linkedin.com/sales/lead/ACwAADbCW8AB-MCiEP44xkMC9Vh4JQbQO3kwXhc,NAME_SEARCH,nq8Z",8/27/2026
Farah Jaber,Head of Marketplace Management (E-Commerce),Sanicare Apotheke,"Lingen (Ems), Lower Saxony, Germany","https://www.linkedin.com/sales/lead/ACwAACXFJfwB8zVCh_8zUFXOGZKyxbCHIeFgooY,NAME_SEARCH,kYeI",8/27/2026
Marcus Diekmann,Spiegel Bestseller Autor - So geht Schule,ForwardVerlag,"Coesfeld, North Rhine-Westphalia, Germany","https://www.linkedin.com/sales/lead/ACwAABu7a8YBFjdpFCdhVYjjnSAmGQPify2Cswg,NAME_SEARCH,GWp9",8/27/2026
Tobias Bräutigam,Senior Performance Marketing Manager,apo.com Group,Greater Leipzig Area,"https://www.linkedin.com/sales/lead/ACwAAC5dlFgBLzNSik8GrdVOkBdBgxJIcxtLQIg,NAME_SEARCH,LzLN",8/27/2026
Albrecht Steinmüller,Performance Marketing Manager,apo.com Group,"Leipzig, Saxony, Germany","https://www.linkedin.com/sales/lead/ACwAABwlCosB2uYQZVHNiZDPDYxO7IKNDIzPz-M,NAME_SEARCH,pzDD",8/27/2026
Markus Fueller,Vice President Marketing,apo.com Group,Greater Leipzig Area,"https://www.linkedin.com/sales/lead/ACwAAAB0LNgBZ7Slh2iu2nbcXK0lA55sfgkbZ58,NAME_SEARCH,YAjp",8/27/2026
Steffen Fiebiger,Bereichsleiter Performance-Marketing,apo.com Group,Greater Leipzig Area,"https://www.linkedin.com/sales/lead/ACwAACflmPIBwzGixVvnIqHbEMgjIQW_H1_-e4M,NAME_SEARCH,QzEz",8/27/2026
Svetla Barrett,Online Marketing Manager,apo.com Group,"Bavaria, Germany","https://www.linkedin.com/sales/lead/ACwAACN-ZDUBowFZNSPRT6V7mepiP-1sDyxtluM,NAME_SEARCH,Oyd_",8/27/2026
Michael Eckhardt,Head of Product & Performance (E-Commerce) | Teamleitung Marketing,mycare.de,"Leipzig, Saxony, Germany","https://www.linkedin.com/sales/lead/ACwAACoM4cMBrs6O4_gta2daZzqO5Dd0-jLmyTQ,NAME_SEARCH,uCjD",8/27/2026
Laura Train,Online-Marketing,Avocado Store GmbH,"Hamburg, Hamburg, Germany","https://www.linkedin.com/sales/lead/ACwAADzETxoBO9N6KmUN97RgyYakn6syGtHfEpw,NAME_SEARCH,QMYJ",8/27/2026
Christian Lindloff,Team Lead Online Marketing,,Greater Hamburg Area,"https://www.linkedin.com/sales/lead/ACwAAB2fK74BTZ6ziFr-X5iMKeRToRFMAXO7eJU,NAME_SEARCH,Goob",8/27/2026
Friederike Becker,Online Marketing Manager,Avocado Store GmbH,Germany,"https://www.linkedin.com/sales/lead/ACwAACKEbvcBndl7pvL2CyandoCNMXzzaYbkUtg,NAME_SEARCH,Skb3",8/27/2026
Meike S.,Head of Marketing,LANIUS,Germany,"https://www.linkedin.com/sales/lead/ACwAACDM6ioBf783YU4nZJdia8S2HRPybTVQnEU,NAME_SEARCH,0clc",8/27/2026
Bianca Londji,Senior Marketing Manager,LANIUS,"Cologne, North Rhine-Westphalia, Germany","https://www.linkedin.com/sales/lead/ACwAAAjtN2YBn6TOx_h0fy4GC5ElBaKyuFvjbYg,NAME_SEARCH,Lzqp",8/27/2026
Lucyna Tassemeier,Head of E-Commerce,LANIUS,"Cologne, North Rhine-Westphalia, Germany","https://www.linkedin.com/sales/lead/ACwAAEcJipEBM-Xwr3TlRpYHcxbwtmiTzNzXE10,NAME_SEARCH,tQkE",8/27/2026
Eva-Maria Stenkamp,Senior SEA Manager,BeleuchtungDirekt | WWL World Wide Lighting GmbH,"Bochum, North Rhine-Westphalia, Germany","https://www.linkedin.com/sales/lead/ACwAAB3_ZG0BDlqRt53_S730T-pZVdHINpuedaA,NAME_SEARCH,iPht",8/27/2026
Franziska Renner,Head of Growth Marketing & eCommerce,Fressnapf Deutschland,"Düsseldorf, North Rhine-Westphalia, Germany","https://www.linkedin.com/sales/lead/ACwAABY4fyIB-vyAhcXsbJvihuarcwI-xDI0w2Q,NAME_SEARCH,O1Bt",8/27/2026
Andrea Schmitz,Expert Performance Marketing,Fressnapf Deutschland,"Düsseldorf, North Rhine-Westphalia, Germany","https://www.linkedin.com/sales/lead/ACwAABhBXbMBLcByEKDdkT5KRygL_nG-LjjLj_U,NAME_SEARCH,OXNW",8/27/2026
Thea Klein,Head of Performance Marketing,Fressnapf Deutschland,"Duisburg, North Rhine-Westphalia, Germany","https://www.linkedin.com/sales/lead/ACwAACQTITkBqdQqh2UJtqoYRlZ8QlqBdfDd54A,NAME_SEARCH,QS-Q",8/27/2026
Johannes Schuster,"Director Customer Experience (Marketing & eCommerce), Member of German Executive Management Board",Fressnapf Deutschland,"Cologne, North Rhine-Westphalia, Germany","https://www.linkedin.com/sales/lead/ACwAABWr7TkB2Bi4F_9g9cMtEHdoOoSAMVLSZ0c,NAME_SEARCH,QnkJ",8/27/2026
Alexander König,Senior Manager für Onlinemarketing,limango GmbH - A member of the otto group,"Birkenfeld, Baden-Württemberg, Germany","https://www.linkedin.com/sales/lead/ACwAACamJP4BmYUTzVyZxX6gPga9AA_vZeZ1jYk,NAME_SEARCH,C2pH",8/27/2026
Tanja Theimer,Online Marketing Manager,limango GmbH - A member of the otto group,Germany,"https://www.linkedin.com/sales/lead/ACwAACU1-oIBUTaiTnsBMuKzVVRCAqC2nOqz4BI,NAME_SEARCH,ouvU",8/27/2026
Alexandra Goeldner,Head of Marketing Controlling & Search,limango GmbH - A member of the otto group,"Munich, Bavaria, Germany","https://www.linkedin.com/sales/lead/ACwAABFmSRUBwdu5GpxrQJR5rdnGnnVqI5VkC_A,NAME_SEARCH,Q078",8/27/2026
Jessica Schmid,Online Marketing Manager (SEA),limango GmbH - A member of the otto group,"Munich, Bavaria, Germany","https://www.linkedin.com/sales/lead/ACwAADxooDMB7Hv7bfQ6fjidRz29erLEjmEx0MQ,NAME_SEARCH,YC9u",8/27/2026
Lydia Kind,Chief Marketing Officer,Westwing,"Munich, Bavaria, Germany","https://www.linkedin.com/sales/lead/ACwAAACKER0B77FJwJzfIiF8LJVLB-EGvhTtusM,NAME_SEARCH,D98l",8/27/2026
Iva Galabov,VP Performance Marketing,Westwing,"Munich, Bavaria, Germany","https://www.linkedin.com/sales/lead/ACwAAARtez0Bhn-Atzhm_mC5L4dwuynZd8y9P2g,NAME_SEARCH,cgmT",8/27/2026
Giò De Carolis,Team Lead Performance Marketing - SEA,Westwing,"Munich, Bavaria, Germany","https://www.linkedin.com/sales/lead/ACwAACBD35QBHmiqv598l90NbYVksSJe3UytCPU,NAME_SEARCH,gZlH",8/27/2026
Zain Ali,Performance Marketing Manager (SEA),Westwing,"Munich, Bavaria, Germany","https://www.linkedin.com/sales/lead/ACwAAB_wU9MBEAMdkD-FnM9ymsuPydqjblu9d-0,NAME_SEARCH,lJAl",8/27/2026
Fotis Kyriakidis,Performance Marketing Manager and Analyst,Westwing,Germany,"https://www.linkedin.com/sales/lead/ACwAACS1EyYB5ZeXGFDyJ-EkFwufLd4T9XYndIQ,NAME_SEARCH,_wma",8/27/2026
Savino Peragine,Senior Performance Marketing Manager,Westwing,"Munich, Bavaria, Germany","https://www.linkedin.com/sales/lead/ACwAACBtzXgBP8FMfS70xg7Bvhr37vzjdiiENY0,NAME_SEARCH,uPWg",8/27/2026
Rebecca Hauser,Team Lead Paid Performance Marketing,Westwing,"Munich, Bavaria, Germany","https://www.linkedin.com/sales/lead/ACwAACMVQy8BRsZ-HL-x7ujPP8VV--dQCZOq7gU,NAME_SEARCH,pcxd",8/27/2026
Kerstin Pooth,Geschäftsführender Inhaber,hessnatur,"Dreieich, Hesse, Germany","https://www.linkedin.com/sales/lead/ACwAAA0rqQgBeAWOcsFgaA2W3-3HDiMcfSuRj74,NAME_SEARCH,7vra",8/27/2026
Nicole Ronniger,Performance Marketing Managerin SEA,hessnatur,"Stuttgart, Baden-Württemberg, Germany","https://www.linkedin.com/sales/lead/ACwAADC83ugBrBA3_YSnacrqDNZQdBizNI81iCc,NAME_SEARCH,341M",8/27/2026
Christine Lank,Head of Brand Marketing & Media,Marc O'Polo SE,Greater Munich Metropolitan Area,"https://www.linkedin.com/sales/lead/ACwAAAup544BrRF4ivKfAzzobgo03XtiZxxDuAk,NAME_SEARCH,E6-l",8/26/2026
Jessica Koddenberg,Senior Performance Marketing Manager SEA,Marc O'Polo SE,Greater Munich Metropolitan Area,"https://www.linkedin.com/sales/lead/ACwAABtQItoBD-RZiFP4DwoJVakfmZccV7jKPg0,NAME_SEARCH,sXEV",8/26/2026
Johanna Sperl (geb. Hirt),Head of Performance Marketing & CRM,Marc O'Polo SE,Greater Munich Metropolitan Area,"https://www.linkedin.com/sales/lead/ACwAAC-fhFUBPYVnNSqRg6nh5YP77H8lfYY7ErY,NAME_SEARCH,nsLA",8/26/2026
Anja B.,Manager Performance Marketing,Marc O'Polo SE,"Obing, Bavaria, Germany","https://www.linkedin.com/sales/lead/ACwAADi92XABgXPYrtX2ggKQCRNZ3sNDUe5gPrI,NAME_SEARCH,9q2U",8/26/2026
